               epoch,      train/box_loss,      train/obj_loss,      train/cls_loss,   metrics/precision,      metrics/recall,     metrics/mAP_0.5,metrics/mAP_0.5:0.95,        val/box_loss,        val/obj_loss,        val/cls_loss,               x/lr0,               x/lr1,               x/lr2
                   0,            0.088402,             0.04864,            0.054771,            0.013953,             0.17053,            0.010701,           0.0023143,            0.068313,            0.040824,            0.049759,             0.00035,             0.00035,             0.09685
                   1,            0.063853,             0.04658,             0.05146,             0.19917,             0.30215,            0.053074,            0.018061,             0.05933,            0.031595,            0.046355,          0.00070998,          0.00070998,             0.09361
                   2,            0.057453,             0.03673,            0.049741,            0.065522,              0.4749,            0.079622,            0.021659,            0.051008,            0.023505,            0.044722,           0.0010699,           0.0010699,             0.09037
                   3,            0.050319,            0.033444,             0.04877,             0.10176,             0.37816,             0.14632,            0.061255,            0.033329,            0.023624,            0.043792,           0.0014297,           0.0014297,             0.08713
                   4,            0.048808,            0.032574,            0.046719,             0.10082,             0.32422,             0.14826,            0.068543,            0.042367,            0.021433,            0.043191,           0.0017893,           0.0017893,            0.083889
                   5,            0.045637,            0.031497,            0.047309,            0.099625,             0.56433,               0.214,            0.091333,            0.040485,            0.020771,             0.04225,           0.0021487,           0.0021487,            0.080649
                   6,            0.046822,            0.030915,            0.047252,             0.10671,              0.5071,             0.20438,            0.072967,            0.046412,            0.021392,             0.04052,           0.0025078,           0.0025078,            0.077408
                   7,            0.046446,            0.030115,            0.045571,             0.14551,             0.57264,              0.3111,             0.14938,            0.028004,            0.020169,            0.038081,           0.0028665,           0.0028665,            0.074167
                   8,             0.04378,            0.029102,             0.04243,             0.17099,             0.54248,             0.32576,             0.11926,            0.033443,            0.020405,            0.033889,           0.0032249,           0.0032249,            0.070925
                   9,            0.041942,            0.028939,            0.038233,             0.21364,             0.60713,             0.36445,              0.1552,            0.031328,            0.019586,            0.031165,           0.0035828,           0.0035828,            0.067683
                  10,            0.039285,            0.028578,             0.03568,             0.32088,             0.57703,             0.40839,             0.20036,            0.035684,            0.019656,             0.02909,           0.0039403,           0.0039403,             0.06444
                  11,            0.042451,            0.027967,            0.035958,               0.353,             0.60615,             0.46223,             0.17829,            0.032512,            0.021331,            0.026502,           0.0042971,           0.0042971,            0.061197
                  12,            0.038855,            0.027555,            0.031411,             0.33258,             0.65455,             0.55765,             0.25389,             0.03409,            0.019956,            0.023975,           0.0046534,           0.0046534,            0.057953
                  13,            0.036855,            0.027572,             0.02842,             0.28752,             0.80001,              0.5803,             0.32544,            0.034516,            0.018474,            0.021859,           0.0050091,           0.0050091,            0.054709
                  14,            0.036612,            0.027374,            0.027531,             0.44392,             0.65131,             0.61576,             0.32315,            0.034891,             0.01925,            0.021299,            0.005364,            0.005364,            0.051464
                  15,            0.034474,            0.027186,            0.024836,             0.40303,             0.60703,              0.5553,             0.26177,            0.033647,            0.018384,            0.018995,           0.0057181,           0.0057181,            0.048218
                  16,            0.033805,            0.026643,            0.023023,             0.67177,              0.6433,              0.6826,             0.34186,            0.028736,            0.018243,            0.017951,           0.0060715,           0.0060715,            0.044971
                  17,            0.030919,            0.026925,             0.02029,             0.91563,             0.57309,             0.73692,             0.37888,             0.02923,            0.018106,            0.015509,            0.006424,            0.006424,            0.041724
                  18,            0.032959,            0.027091,            0.020189,             0.65495,             0.74784,             0.79698,             0.43292,            0.026423,            0.018962,            0.014899,           0.0067756,           0.0067756,            0.038476
                  19,            0.031218,            0.026321,            0.017505,             0.68019,             0.81602,             0.82462,             0.46647,            0.029133,            0.018688,            0.013614,           0.0071262,           0.0071262,            0.035226
                  20,            0.028504,            0.025525,            0.015315,              0.6601,             0.80038,             0.73205,             0.30785,            0.032529,            0.018481,            0.011985,           0.0074758,           0.0074758,            0.031976
                  21,             0.02749,            0.026254,            0.013656,             0.92293,             0.86449,             0.93103,             0.52681,            0.025455,            0.017393,            0.010229,           0.0078243,           0.0078243,            0.028724
                  22,            0.031057,            0.025565,            0.014849,             0.90831,             0.87955,             0.93406,             0.59898,            0.025728,            0.017361,           0.0097497,           0.0081717,           0.0081717,            0.025472
                  23,            0.029788,            0.025011,            0.013731,              0.9122,             0.88097,             0.93687,             0.58324,            0.026105,            0.017471,            0.015906,           0.0085179,           0.0085179,            0.022218
                  24,            0.032697,            0.026956,            0.015147,            0.016038,            0.023179,           0.0069154,           0.0027646,            0.083344,            0.050535,             0.10431,           0.0088629,           0.0088629,            0.018963
                  25,            0.030872,            0.028053,            0.019167,             0.33387,           0.0051406,           0.0001162,          4.7908e-05,            0.076757,            0.058452,            0.059389,           0.0092066,           0.0092066,            0.015707
                  26,             0.02948,            0.027363,            0.016036,             0.27356,            0.033873,            0.064701,            0.038653,            0.049501,             0.12187,            0.070078,            0.009549,            0.009549,            0.012449
                  27,             0.02664,            0.027683,            0.014542,               0.893,             0.71311,             0.83805,             0.51148,            0.025266,            0.026278,            0.015442,           0.0098213,           0.0098213,           0.0098213
                  28,            0.031633,            0.027667,            0.016973,             0.81464,             0.31097,             0.41645,              0.2151,            0.042438,            0.041432,            0.038604,           0.0098213,           0.0098213,           0.0098213
                  29,            0.034804,            0.035055,            0.023464,             0.54419,            0.095829,            0.088825,             0.03681,            0.044997,            0.091985,            0.072889,           0.0098079,           0.0098079,           0.0098079
                  30,            0.033008,            0.029413,            0.016893,               0.813,             0.78655,             0.83857,             0.46464,              0.0262,            0.030758,            0.012986,           0.0097941,           0.0097941,           0.0097941
                  31,            0.031922,            0.027087,            0.015589,             0.93187,             0.86724,             0.94695,             0.59431,            0.021344,            0.019182,           0.0093839,           0.0097798,           0.0097798,           0.0097798
                  32,            0.030034,            0.026259,             0.01479,             0.93074,             0.92315,             0.95735,             0.53774,            0.027011,            0.018678,           0.0070028,            0.009765,            0.009765,            0.009765
                  33,             0.02864,            0.026147,            0.013933,             0.95145,             0.91701,             0.96369,              0.6629,             0.01861,            0.017322,           0.0071705,           0.0097497,           0.0097497,           0.0097497
                  34,             0.02662,            0.025038,            0.011326,             0.94594,             0.93624,             0.96751,             0.67152,            0.019404,            0.017254,           0.0067323,            0.009734,            0.009734,            0.009734
                  35,             0.02766,            0.025387,            0.011816,             0.97251,             0.92902,             0.97097,             0.70427,              0.0184,            0.016843,           0.0068257,           0.0097178,           0.0097178,           0.0097178
                  36,            0.025284,            0.024911,            0.010158,             0.95944,             0.94541,             0.97826,             0.69667,            0.018709,            0.016829,           0.0059058,           0.0097011,           0.0097011,           0.0097011
                  37,            0.026828,            0.025316,            0.011592,             0.95962,              0.9535,             0.97731,             0.72469,            0.016437,            0.016426,           0.0055979,            0.009684,            0.009684,            0.009684
                  38,            0.023695,              0.0243,           0.0088259,              0.9532,             0.95728,             0.97579,             0.73368,            0.016803,            0.016252,           0.0056863,           0.0096664,           0.0096664,           0.0096664
                  39,            0.027202,             0.02518,            0.011866,             0.94925,             0.93283,              0.9717,             0.66138,            0.019753,            0.017083,           0.0079471,           0.0096484,           0.0096484,           0.0096484
                  40,            0.026578,            0.024668,             0.01133,             0.96907,             0.95812,             0.97777,             0.71628,            0.017978,            0.016698,           0.0051224,           0.0096299,           0.0096299,           0.0096299
                  41,            0.023835,            0.024235,           0.0098722,             0.96876,             0.95543,             0.97435,             0.72659,             0.01855,            0.016484,           0.0055439,            0.009611,            0.009611,            0.009611
                  42,            0.024382,            0.024466,           0.0098904,             0.97033,              0.9599,             0.97898,             0.73047,            0.017313,            0.016294,           0.0046226,           0.0095916,           0.0095916,           0.0095916
                  43,            0.023658,            0.023809,           0.0097066,              0.9737,             0.95534,             0.97655,             0.71253,            0.017548,            0.016334,           0.0049278,           0.0095717,           0.0095717,           0.0095717
                  44,            0.025828,            0.024299,            0.011076,             0.97262,             0.94455,             0.97605,             0.65792,            0.019588,            0.016812,           0.0052887,           0.0095514,           0.0095514,           0.0095514
                  45,            0.022344,            0.023803,           0.0086777,             0.97473,             0.96376,             0.97957,             0.71751,            0.017197,            0.016346,            0.004484,           0.0095307,           0.0095307,           0.0095307
                  46,            0.025617,             0.02346,            0.009459,               0.973,             0.96994,             0.97742,              0.7304,            0.016971,            0.015924,           0.0044678,           0.0095095,           0.0095095,           0.0095095
                  47,            0.023201,            0.023591,           0.0094436,             0.97805,              0.9585,             0.97848,             0.74141,            0.017623,            0.015765,           0.0051048,           0.0094879,           0.0094879,           0.0094879
                  48,            0.022828,             0.02309,           0.0083131,             0.96632,             0.97268,             0.98062,             0.76749,            0.015138,             0.01535,            0.004224,           0.0094659,           0.0094659,           0.0094659
                  49,            0.021099,            0.022595,           0.0072655,             0.96816,             0.96997,             0.97894,             0.76535,            0.014498,            0.015176,           0.0045147,           0.0094434,           0.0094434,           0.0094434
                  50,             0.02099,            0.022897,           0.0079838,             0.97455,             0.96813,             0.97978,             0.75837,            0.015806,            0.015497,           0.0045195,           0.0094205,           0.0094205,           0.0094205
                  51,            0.021588,            0.022265,           0.0073631,             0.97703,             0.96768,             0.97968,             0.76768,            0.014468,            0.015212,           0.0044452,           0.0093971,           0.0093971,           0.0093971
                  52,            0.021869,            0.022236,           0.0077189,             0.97232,             0.97523,             0.98133,             0.71755,            0.016853,            0.016127,           0.0044034,           0.0093733,           0.0093733,           0.0093733
                  53,            0.024566,            0.029207,            0.015418,            0.088308,             0.08987,            0.050902,            0.019181,            0.060957,            0.053469,            0.053952,           0.0093491,           0.0093491,           0.0093491
                  54,            0.026245,            0.030682,            0.019616,             0.58751,             0.50322,             0.53271,             0.28419,            0.029685,            0.028829,             0.03132,           0.0093245,           0.0093245,           0.0093245
                  55,            0.030779,            0.036573,            0.025136,             0.25063,            0.038105,          0.00026337,          5.5879e-05,            0.066539,             0.10504,             0.06292,           0.0092995,           0.0092995,           0.0092995
                  56,            0.027432,            0.030039,            0.017112,             0.62936,             0.52751,             0.54906,             0.29286,            0.031328,            0.036551,            0.024163,            0.009274,            0.009274,            0.009274
                  57,            0.028156,            0.031726,            0.018849,             0.59566,             0.18334,             0.14166,            0.067095,            0.047101,            0.054264,            0.055121,           0.0092481,           0.0092481,           0.0092481
                  58,            0.025933,            0.029342,            0.017201,             0.70706,             0.59899,             0.66889,              0.4201,            0.022849,            0.028269,            0.027764,           0.0092219,           0.0092219,           0.0092219
                  59,            0.024526,             0.02766,            0.012754,             0.90713,             0.83528,             0.91216,             0.63444,            0.019018,            0.020038,           0.0085419,           0.0091952,           0.0091952,           0.0091952
                  60,            0.024569,            0.027076,             0.01354,             0.93855,             0.91451,             0.95737,             0.65091,            0.018707,              0.0177,           0.0063039,           0.0091681,           0.0091681,           0.0091681
                  61,            0.022878,            0.026597,            0.010665,             0.94902,             0.93337,             0.96678,             0.70991,            0.015814,            0.016832,           0.0053444,           0.0091406,           0.0091406,           0.0091406
                  62,            0.021654,             0.02574,            0.009555,             0.95701,             0.93285,             0.96672,             0.70849,            0.015933,            0.016653,           0.0050863,           0.0091127,           0.0091127,           0.0091127
                  63,            0.022791,             0.02498,            0.010957,             0.96294,             0.93182,             0.97195,             0.72255,             0.01608,            0.016705,            0.004888,           0.0090844,           0.0090844,           0.0090844
                  64,            0.022088,            0.025027,            0.010691,             0.96823,             0.93415,             0.97109,             0.73261,            0.015492,            0.016282,           0.0053635,           0.0090557,           0.0090557,           0.0090557
                  65,            0.021323,            0.025257,           0.0092915,             0.95041,             0.96016,             0.97433,             0.73858,            0.014909,             0.01617,           0.0044233,           0.0090266,           0.0090266,           0.0090266
                  66,            0.022905,            0.025115,           0.0098917,             0.95591,             0.94754,             0.97366,             0.72511,            0.015475,            0.016109,           0.0055061,           0.0089972,           0.0089972,           0.0089972
                  67,            0.020074,            0.024799,           0.0079706,             0.95499,             0.95592,             0.97575,             0.72374,            0.015968,            0.016299,           0.0046279,           0.0089673,           0.0089673,           0.0089673
                  68,            0.020933,             0.02388,           0.0085265,             0.96833,             0.96128,             0.97663,             0.74285,             0.01506,            0.015895,           0.0041275,           0.0089371,           0.0089371,           0.0089371
                  69,            0.021823,            0.024633,           0.0095578,             0.97081,             0.94803,              0.9756,             0.74925,             0.01525,            0.016007,           0.0048567,           0.0089065,           0.0089065,           0.0089065
                  70,            0.020815,            0.023973,           0.0087292,             0.96469,             0.96797,             0.97847,             0.74594,            0.014852,            0.015702,           0.0041732,           0.0088755,           0.0088755,           0.0088755
                  71,            0.023296,            0.023972,           0.0094294,             0.97406,             0.95686,             0.97877,             0.75536,            0.014024,            0.015587,           0.0043847,           0.0088442,           0.0088442,           0.0088442
                  72,            0.022355,            0.024748,           0.0094959,             0.97336,             0.95949,             0.97957,             0.76206,            0.014683,            0.015531,           0.0040705,           0.0088124,           0.0088124,           0.0088124
                  73,            0.020147,            0.023961,           0.0077061,             0.96925,             0.97191,             0.97895,             0.75163,            0.014707,            0.015473,           0.0039067,           0.0087804,           0.0087804,           0.0087804
                  74,            0.022412,            0.023542,           0.0098765,             0.96908,             0.97111,             0.97906,             0.75273,            0.014259,            0.015491,           0.0039351,           0.0087479,           0.0087479,           0.0087479
                  75,            0.021484,            0.023987,           0.0083891,             0.97062,             0.96062,             0.97631,             0.72956,            0.015164,            0.015959,           0.0045573,           0.0087151,           0.0087151,           0.0087151
                  76,            0.020543,            0.023972,           0.0091725,             0.97369,             0.95659,             0.97767,             0.75698,            0.014272,            0.015472,           0.0040433,            0.008682,            0.008682,            0.008682
                  77,            0.020842,            0.023648,           0.0090186,             0.97427,             0.96556,             0.97926,             0.76171,            0.014216,            0.015415,           0.0039931,           0.0086485,           0.0086485,           0.0086485
                  78,            0.020173,            0.023243,           0.0081549,             0.97227,             0.96405,             0.98069,             0.75816,            0.014353,            0.015374,           0.0039224,           0.0086146,           0.0086146,           0.0086146
                  79,             0.02058,            0.022697,           0.0077288,             0.96105,             0.96829,             0.97968,             0.77202,            0.013249,            0.014861,           0.0038433,           0.0085805,           0.0085805,           0.0085805
                  80,            0.018296,            0.023858,           0.0064444,             0.97418,             0.96576,             0.98121,             0.77703,            0.013298,            0.014852,            0.003594,           0.0085459,           0.0085459,           0.0085459
                  81,             0.02035,            0.023269,           0.0083674,              0.9672,             0.96816,             0.98051,             0.77678,            0.013124,            0.014861,           0.0036734,           0.0085111,           0.0085111,           0.0085111
                  82,            0.020139,            0.022801,           0.0078427,             0.97096,             0.97104,             0.98051,             0.77017,             0.01343,            0.015012,           0.0040077,           0.0084759,           0.0084759,           0.0084759
                  83,            0.020337,            0.023345,           0.0069977,             0.97094,              0.9748,             0.97941,             0.77718,            0.013491,             0.01495,           0.0036948,           0.0084404,           0.0084404,           0.0084404
                  84,            0.020995,            0.022691,           0.0074725,             0.96732,             0.97246,             0.97941,             0.77375,            0.013885,            0.014897,           0.0036162,           0.0084046,           0.0084046,           0.0084046
                  85,            0.019366,            0.022639,           0.0060571,             0.97835,             0.97494,             0.98115,             0.78036,            0.013423,            0.014998,           0.0034644,           0.0083684,           0.0083684,           0.0083684
                  86,            0.019163,            0.022545,           0.0061302,             0.97763,              0.9674,             0.98151,             0.78176,            0.012962,            0.014718,           0.0033935,           0.0083319,           0.0083319,           0.0083319
                  87,            0.019179,            0.022911,           0.0071695,             0.97264,              0.9728,             0.98199,             0.78067,            0.013212,            0.014811,           0.0036529,           0.0082952,           0.0082952,           0.0082952
                  88,            0.020857,            0.022712,           0.0077522,             0.97867,             0.96698,             0.98019,              0.7844,              0.0128,            0.014667,           0.0038018,           0.0082581,           0.0082581,           0.0082581
                  89,            0.018164,            0.022466,           0.0066263,             0.97832,             0.97612,             0.98056,             0.77598,            0.013002,             0.01461,           0.0036129,           0.0082207,           0.0082207,           0.0082207
                  90,            0.019359,            0.022421,            0.008221,             0.97537,             0.97735,             0.98049,             0.78355,            0.013052,            0.014531,           0.0036486,            0.008183,            0.008183,            0.008183
                  91,            0.018531,            0.021477,           0.0068295,             0.98062,             0.97347,             0.98198,             0.77743,            0.013378,             0.01475,           0.0031895,            0.008145,            0.008145,            0.008145
                  92,            0.019764,            0.022713,           0.0074018,             0.97824,             0.97424,             0.98191,             0.78333,            0.012751,            0.014574,           0.0032053,           0.0081068,           0.0081068,           0.0081068
                  93,            0.020698,            0.021976,           0.0069048,             0.97636,             0.97643,              0.9816,             0.78773,            0.012879,            0.014586,           0.0032632,           0.0080682,           0.0080682,           0.0080682
                  94,            0.020157,             0.02235,           0.0071859,             0.97756,             0.96809,             0.98227,             0.78891,            0.013021,            0.014434,           0.0037284,           0.0080294,           0.0080294,           0.0080294
                  95,            0.021246,            0.022527,           0.0071026,             0.97968,             0.96454,             0.98171,             0.78601,            0.012998,            0.014442,           0.0036449,           0.0079903,           0.0079903,           0.0079903
                  96,            0.020062,            0.022267,           0.0074405,             0.97884,             0.97157,             0.98352,             0.79125,            0.012746,            0.014415,           0.0034637,           0.0079509,           0.0079509,           0.0079509
                  97,             0.01999,            0.022211,           0.0078701,             0.97603,             0.97612,             0.98065,             0.78961,            0.012679,            0.014279,           0.0033685,           0.0079112,           0.0079112,           0.0079112
                  98,            0.019175,            0.021886,           0.0069987,             0.97693,             0.97844,             0.98236,             0.79686,            0.012667,            0.014231,           0.0030605,           0.0078713,           0.0078713,           0.0078713
                  99,            0.018952,            0.021353,           0.0069353,             0.97619,             0.97716,             0.98375,             0.79508,            0.012338,            0.014278,           0.0030696,           0.0078311,           0.0078311,           0.0078311
                 100,            0.018554,            0.021939,           0.0053256,             0.97559,             0.97503,             0.98278,             0.79881,            0.012172,            0.014111,           0.0033057,           0.0077907,           0.0077907,           0.0077907
                 101,            0.018482,            0.021252,           0.0073899,             0.97277,             0.97228,              0.9813,             0.79564,            0.012298,            0.014133,           0.0035255,             0.00775,             0.00775,             0.00775
                 102,            0.018204,            0.020736,           0.0066484,             0.97793,             0.97402,             0.98316,             0.79405,            0.012599,            0.014157,           0.0031672,           0.0077091,           0.0077091,           0.0077091
                 103,             0.01751,            0.021368,           0.0058513,             0.97894,             0.97529,             0.98303,             0.80118,            0.012071,             0.01403,           0.0030747,           0.0076679,           0.0076679,           0.0076679
                 104,            0.017663,            0.021878,           0.0049998,             0.97876,              0.9777,              0.9831,             0.79321,             0.01252,            0.014105,           0.0030295,           0.0076265,           0.0076265,           0.0076265
                 105,            0.018708,            0.020908,           0.0072429,             0.98151,             0.97501,             0.98269,             0.80039,            0.011921,            0.013963,           0.0030759,           0.0075848,           0.0075848,           0.0075848
                 106,            0.018612,            0.021821,           0.0065881,             0.97537,             0.97833,             0.98151,             0.79745,            0.012245,             0.01404,           0.0033839,            0.007543,            0.007543,            0.007543
                 107,            0.018859,             0.02084,           0.0071575,             0.97577,             0.97655,             0.98301,             0.80233,            0.012302,            0.013965,           0.0032929,           0.0075009,           0.0075009,           0.0075009
                 108,            0.018335,            0.021659,           0.0062898,             0.97816,               0.978,             0.98178,             0.80425,            0.011816,            0.013853,           0.0031281,           0.0074585,           0.0074585,           0.0074585
                 109,            0.018711,            0.021023,           0.0065131,             0.97952,             0.97576,             0.98339,             0.79806,            0.012045,            0.013982,           0.0031275,            0.007416,            0.007416,            0.007416
                 110,            0.018692,            0.021082,           0.0060016,             0.97661,             0.98113,             0.98356,             0.79728,            0.012091,            0.013882,           0.0029245,           0.0073733,           0.0073733,           0.0073733
                 111,            0.017782,            0.021489,           0.0051017,             0.97788,             0.98037,              0.9831,              0.8084,            0.011624,            0.013661,           0.0030151,           0.0073303,           0.0073303,           0.0073303
                 112,            0.017578,            0.020914,           0.0061741,             0.97528,             0.97762,             0.98336,             0.80656,            0.011734,            0.013688,           0.0031666,           0.0072872,           0.0072872,           0.0072872
                 113,               0.016,            0.020791,           0.0053757,             0.97294,             0.97942,             0.98206,             0.79844,            0.011893,            0.013838,           0.0030689,           0.0072438,           0.0072438,           0.0072438
                 114,            0.018804,            0.020588,           0.0066895,             0.97736,             0.97849,              0.9832,             0.79929,            0.011997,             0.01397,           0.0029913,           0.0072003,           0.0072003,           0.0072003
                 115,            0.018148,            0.021637,           0.0066294,             0.97122,             0.96602,             0.98129,             0.78959,            0.012315,            0.015483,           0.0052712,           0.0071566,           0.0071566,           0.0071566
                 116,            0.016376,            0.021185,           0.0058096,             0.97938,             0.97275,             0.98221,             0.80117,            0.012179,             0.01384,            0.003852,           0.0071127,           0.0071127,           0.0071127
                 117,            0.019421,            0.021026,            0.007865,             0.97683,              0.9763,             0.98199,             0.79769,            0.012572,            0.014217,           0.0039658,           0.0070686,           0.0070686,           0.0070686
                 118,            0.017738,            0.021622,           0.0064708,             0.97672,             0.97437,             0.98269,             0.79886,            0.012235,            0.013856,           0.0034819,           0.0070243,           0.0070243,           0.0070243
                 119,            0.016588,            0.021658,           0.0047988,             0.98056,             0.97631,             0.98291,             0.80549,            0.011684,             0.01368,           0.0029445,           0.0069799,           0.0069799,           0.0069799
                 120,            0.016832,            0.020667,           0.0051726,             0.97878,             0.97771,             0.98186,             0.80677,            0.011775,            0.013693,           0.0030642,           0.0069353,           0.0069353,           0.0069353
                 121,            0.017968,            0.021102,           0.0055591,             0.97849,             0.97508,             0.98207,             0.80245,            0.011752,            0.013631,           0.0030047,           0.0068906,           0.0068906,           0.0068906
                 122,            0.017173,             0.02086,           0.0049723,             0.97407,             0.97839,             0.98306,              0.8086,            0.011588,            0.013559,           0.0028741,           0.0068457,           0.0068457,           0.0068457
                 123,            0.018281,            0.020556,           0.0053394,             0.97786,             0.97657,             0.98293,             0.81045,            0.011407,            0.013511,           0.0028459,           0.0068006,           0.0068006,           0.0068006
                 124,            0.018169,            0.020439,           0.0057701,             0.97718,             0.97975,              0.9833,             0.81259,            0.011633,            0.013521,            0.002879,           0.0067555,           0.0067555,           0.0067555
                 125,            0.017245,             0.02085,            0.004434,             0.98067,             0.97653,             0.98398,             0.81369,            0.011197,             0.01339,            0.002859,           0.0067101,           0.0067101,           0.0067101
                 126,            0.015692,            0.020846,           0.0052762,             0.97865,              0.9799,             0.98407,             0.81369,            0.011485,            0.013481,           0.0028494,           0.0066647,           0.0066647,           0.0066647
                 127,            0.017427,            0.021126,           0.0054199,              0.9779,             0.97648,             0.98362,             0.81495,            0.011153,            0.013315,           0.0027581,           0.0066191,           0.0066191,           0.0066191
                 128,            0.016949,            0.020174,           0.0058215,             0.97458,             0.98091,             0.98317,             0.81282,            0.011351,            0.013382,           0.0026464,           0.0065734,           0.0065734,           0.0065734
                 129,            0.018556,            0.020636,           0.0058631,             0.97858,             0.97991,             0.98278,             0.80948,            0.011375,            0.013508,           0.0028586,           0.0065276,           0.0065276,           0.0065276
                 130,            0.016195,            0.020441,           0.0049879,             0.98152,             0.97486,             0.98361,             0.81401,            0.011338,            0.013425,           0.0028766,           0.0064816,           0.0064816,           0.0064816
                 131,            0.016927,            0.020151,           0.0054064,             0.98016,             0.97956,             0.98313,             0.81362,            0.011365,            0.013455,           0.0026619,           0.0064356,           0.0064356,           0.0064356
                 132,            0.017533,            0.020217,           0.0066108,             0.97802,             0.97809,             0.98215,             0.81056,            0.011413,            0.013388,           0.0028641,           0.0063895,           0.0063895,           0.0063895
                 133,            0.015991,            0.020348,           0.0050908,             0.98001,             0.97998,             0.98376,             0.81282,             0.01122,            0.013352,           0.0028328,           0.0063432,           0.0063432,           0.0063432
                 134,            0.016804,            0.019954,           0.0053551,             0.97993,             0.97893,             0.98305,             0.81418,            0.011231,            0.013272,            0.002745,           0.0062969,           0.0062969,           0.0062969
                 135,            0.017497,            0.020622,           0.0061656,             0.97522,             0.98178,             0.98298,             0.81747,            0.011114,            0.013151,           0.0028499,           0.0062505,           0.0062505,           0.0062505
                 136,            0.016268,            0.020042,            0.005614,             0.97701,             0.97944,             0.98332,              0.8161,            0.011253,            0.013164,           0.0028612,            0.006204,            0.006204,            0.006204
                 137,            0.017463,            0.020363,           0.0049985,             0.97909,             0.97931,             0.98464,             0.81762,            0.011174,            0.013285,           0.0027397,           0.0061574,           0.0061574,           0.0061574
                 138,            0.017051,            0.020947,            0.004901,             0.97904,             0.97783,             0.98324,             0.81865,            0.011062,            0.013218,           0.0028204,           0.0061107,           0.0061107,           0.0061107
                 139,            0.017238,            0.021188,           0.0055727,              0.9753,             0.97842,              0.9836,             0.81806,             0.01101,            0.013225,           0.0028738,            0.006064,            0.006064,            0.006064
                 140,            0.018044,             0.02128,           0.0090118,              0.9372,             0.93917,             0.97026,             0.76683,            0.013648,            0.015025,           0.0069138,           0.0060172,           0.0060172,           0.0060172
                 141,            0.016887,            0.021391,           0.0064893,             0.97168,             0.96704,             0.98106,             0.80163,            0.011741,            0.013862,             0.00373,           0.0059704,           0.0059704,           0.0059704
                 142,            0.018115,             0.02119,           0.0076573,             0.97482,             0.97466,             0.98287,             0.79895,            0.012016,            0.013952,           0.0037299,           0.0059235,           0.0059235,           0.0059235
                 143,            0.016822,            0.021137,           0.0077422,             0.97444,             0.96824,             0.98202,             0.81024,            0.011519,             0.01357,            0.003669,           0.0058766,           0.0058766,           0.0058766
                 144,            0.016981,            0.021082,           0.0065478,             0.97487,             0.97122,             0.98341,              0.8113,            0.011638,             0.01356,           0.0035641,           0.0058296,           0.0058296,           0.0058296
                 145,            0.016161,            0.021839,           0.0052951,             0.97229,             0.97967,             0.98376,             0.81248,            0.011223,            0.013349,           0.0032239,           0.0057826,           0.0057826,           0.0057826
                 146,            0.015133,            0.020813,           0.0044899,              0.9765,             0.97726,             0.98343,             0.81595,            0.011073,             0.01316,           0.0030117,           0.0057355,           0.0057355,           0.0057355
                 147,            0.016209,            0.020105,           0.0059746,             0.98079,             0.97964,             0.98375,             0.81817,            0.011031,            0.013168,           0.0027398,           0.0056884,           0.0056884,           0.0056884
                 148,            0.016453,            0.020233,           0.0056726,             0.97621,             0.97881,             0.98328,              0.8205,            0.010859,            0.013076,           0.0028489,           0.0056413,           0.0056413,           0.0056413
                 149,            0.018738,            0.021326,           0.0082076,             0.97666,             0.97567,             0.98151,             0.81381,            0.011196,            0.013344,            0.003708,           0.0055942,           0.0055942,           0.0055942
                 150,            0.016456,            0.020325,           0.0055948,             0.97332,              0.9793,             0.98332,             0.81491,            0.011006,            0.013346,           0.0030326,           0.0055471,           0.0055471,           0.0055471
                 151,            0.016526,            0.020498,           0.0054507,             0.97686,             0.97838,             0.98389,             0.81925,            0.010726,            0.013153,           0.0028749,              0.0055,              0.0055,              0.0055
                 152,            0.017145,            0.020899,           0.0055805,             0.97713,              0.9771,             0.98358,             0.82081,            0.010923,            0.013145,           0.0030759,           0.0054529,           0.0054529,           0.0054529
                 153,            0.015544,            0.020796,           0.0043672,              0.9803,             0.97635,             0.98431,             0.81809,            0.010924,            0.013096,           0.0028469,           0.0054058,           0.0054058,           0.0054058
                 154,            0.015512,            0.019908,           0.0051656,             0.97863,             0.97676,             0.98382,             0.82144,            0.010688,            0.012945,           0.0028646,           0.0053587,           0.0053587,           0.0053587
                 155,            0.015578,            0.019775,           0.0041461,             0.97668,             0.97619,             0.98339,             0.82288,            0.010816,            0.013091,           0.0029002,           0.0053116,           0.0053116,           0.0053116
                 156,            0.014842,            0.020582,           0.0043806,             0.97876,             0.98011,             0.98293,             0.82306,             0.01063,            0.012925,           0.0028271,           0.0052645,           0.0052645,           0.0052645
                 157,            0.015125,            0.020459,           0.0046415,             0.97554,             0.97967,             0.98471,             0.82337,            0.010755,             0.01302,           0.0027762,           0.0052174,           0.0052174,           0.0052174
                 158,            0.016331,            0.019716,           0.0050468,             0.97646,             0.97774,             0.98374,             0.82404,            0.010738,            0.012879,           0.0028106,           0.0051704,           0.0051704,           0.0051704
                 159,            0.015765,            0.020162,           0.0045647,             0.97725,             0.97845,             0.98374,             0.82518,            0.010612,            0.012867,           0.0028338,           0.0051234,           0.0051234,           0.0051234
                 160,            0.016517,            0.019359,           0.0048158,             0.98046,             0.97821,             0.98454,             0.82436,            0.010734,            0.012872,           0.0028461,           0.0050765,           0.0050765,           0.0050765
                 161,             0.01591,            0.020075,           0.0047711,             0.97838,             0.97783,             0.98463,             0.82579,            0.010499,            0.012853,           0.0028816,           0.0050296,           0.0050296,           0.0050296
                 162,            0.015384,            0.019835,           0.0044942,              0.9795,             0.97597,             0.98571,             0.82824,            0.010634,            0.012879,           0.0029251,           0.0049828,           0.0049828,           0.0049828
                 163,            0.015579,            0.020295,           0.0042852,             0.97934,             0.97828,             0.98616,             0.82826,            0.010672,            0.012909,           0.0025263,            0.004936,            0.004936,            0.004936
                 164,             0.01551,            0.019459,           0.0042516,             0.97526,             0.98253,             0.98531,             0.82958,            0.010436,            0.012768,           0.0027123,           0.0048893,           0.0048893,           0.0048893
                 165,            0.016612,            0.019569,           0.0047758,             0.97901,             0.97589,             0.98507,             0.82829,            0.010638,            0.012812,           0.0027331,           0.0048426,           0.0048426,           0.0048426
                 166,            0.015036,            0.019987,           0.0036149,             0.97875,             0.98097,              0.9851,             0.82701,            0.010592,            0.012775,           0.0024568,            0.004796,            0.004796,            0.004796
                 167,             0.01546,            0.019789,           0.0044432,             0.97906,             0.97941,             0.98498,              0.8287,            0.010581,            0.012754,           0.0024009,           0.0047495,           0.0047495,           0.0047495
                 168,            0.015418,            0.019751,           0.0039304,             0.98074,             0.97629,             0.98407,             0.82656,             0.01047,            0.012769,           0.0024717,           0.0047031,           0.0047031,           0.0047031
                 169,            0.013742,            0.019333,           0.0042883,             0.97732,             0.97349,             0.98363,             0.82309,            0.010606,            0.012773,           0.0042918,           0.0046568,           0.0046568,           0.0046568
                 170,            0.017592,            0.019682,           0.0052494,             0.97496,              0.9781,             0.98521,             0.82754,            0.010548,            0.012841,            0.002988,           0.0046105,           0.0046105,           0.0046105
                 171,             0.01438,             0.01961,           0.0035747,             0.98084,             0.97748,             0.98474,             0.82696,            0.010451,            0.012718,           0.0025337,           0.0045644,           0.0045644,           0.0045644
                 172,            0.015032,            0.019847,           0.0042027,             0.98061,              0.9751,             0.98488,              0.8267,            0.010542,            0.012816,           0.0025553,           0.0045184,           0.0045184,           0.0045184
                 173,            0.015277,            0.019034,           0.0042662,             0.97826,             0.97982,             0.98551,             0.83015,            0.010423,            0.012744,           0.0024777,           0.0044724,           0.0044724,           0.0044724
                 174,            0.014447,            0.020432,           0.0038789,             0.98136,              0.9779,             0.98502,             0.82284,            0.010611,            0.013038,           0.0024086,           0.0044266,           0.0044266,           0.0044266
                 175,            0.016075,            0.020006,           0.0049471,             0.97848,             0.97706,             0.98398,             0.82262,            0.010733,            0.012945,            0.002434,           0.0043809,           0.0043809,           0.0043809
                 176,            0.015342,            0.019985,           0.0045283,             0.97862,             0.97611,             0.98422,             0.82282,            0.010813,            0.013222,           0.0024789,           0.0043353,           0.0043353,           0.0043353
                 177,            0.015633,            0.019638,           0.0062218,             0.98089,             0.97774,             0.98432,             0.82394,            0.010664,            0.013162,           0.0025016,           0.0042899,           0.0042899,           0.0042899
                 178,            0.016468,            0.019566,           0.0040988,             0.98122,              0.9777,             0.98392,             0.82466,            0.010671,            0.013056,           0.0024322,           0.0042445,           0.0042445,           0.0042445
                 179,            0.016115,            0.020009,           0.0050689,             0.98122,             0.97849,             0.98434,              0.8304,            0.010551,            0.012858,           0.0023736,           0.0041994,           0.0041994,           0.0041994
                 180,            0.016005,            0.019423,            0.005114,             0.98202,             0.98067,             0.98516,             0.83121,            0.010463,            0.012701,           0.0023307,           0.0041543,           0.0041543,           0.0041543
                 181,            0.015255,             0.01977,           0.0042098,             0.98103,             0.97872,             0.98564,             0.83046,             0.01051,            0.012742,           0.0023011,           0.0041094,           0.0041094,           0.0041094
                 182,            0.014943,            0.018773,           0.0041667,             0.98121,             0.97817,             0.98643,             0.83282,            0.010554,            0.012707,           0.0022772,           0.0040647,           0.0040647,           0.0040647
                 183,            0.015376,            0.019355,            0.005313,             0.98185,             0.97588,             0.98612,             0.83233,            0.010404,            0.012767,           0.0022606,           0.0040201,           0.0040201,           0.0040201
                 184,            0.013918,            0.018993,           0.0040484,             0.97966,             0.97755,             0.98529,             0.83221,            0.010417,            0.012762,            0.002289,           0.0039757,           0.0039757,           0.0039757
                 185,            0.014519,            0.019712,           0.0043975,             0.97923,             0.97983,             0.98432,             0.83193,            0.010363,            0.012783,            0.002233,           0.0039314,           0.0039314,           0.0039314
                 186,            0.015864,            0.019622,           0.0049019,             0.97805,             0.97976,             0.98429,             0.83354,            0.010359,            0.012696,           0.0022755,           0.0038873,           0.0038873,           0.0038873
                 187,            0.014328,            0.019155,            0.003961,             0.97746,              0.9789,              0.9853,             0.83306,            0.010202,            0.012659,           0.0022871,           0.0038434,           0.0038434,           0.0038434
                 188,             0.01494,            0.018942,           0.0050084,             0.97611,             0.98093,              0.9858,             0.83298,            0.010225,            0.012644,           0.0022781,           0.0037997,           0.0037997,           0.0037997
                 189,            0.013247,            0.019188,           0.0039128,             0.97634,             0.98054,             0.98505,             0.83593,              0.0102,            0.012568,           0.0022837,           0.0037562,           0.0037562,           0.0037562
                 190,            0.015261,            0.018862,           0.0042013,              0.9763,             0.98151,             0.98569,             0.83595,            0.010183,            0.012663,            0.002252,           0.0037128,           0.0037128,           0.0037128
                 191,             0.01442,            0.019621,           0.0039775,             0.97937,             0.97781,             0.98472,             0.83615,            0.010084,            0.012581,           0.0022948,           0.0036697,           0.0036697,           0.0036697
                 192,            0.014258,            0.019946,            0.003807,             0.97745,             0.98097,             0.98524,             0.83645,            0.010124,            0.012598,           0.0022347,           0.0036267,           0.0036267,           0.0036267
                 193,            0.014674,            0.018775,            0.004358,             0.97557,             0.98138,             0.98592,             0.83741,            0.010236,            0.012623,           0.0022153,            0.003584,            0.003584,            0.003584
                 194,            0.015317,            0.019462,           0.0046395,             0.97611,             0.98108,             0.98518,             0.83491,            0.010248,            0.012571,           0.0022209,           0.0035415,           0.0035415,           0.0035415
                 195,            0.015144,            0.018317,           0.0051127,               0.978,             0.98138,             0.98532,             0.83602,            0.010242,            0.012617,           0.0022078,           0.0034991,           0.0034991,           0.0034991
                 196,             0.01586,            0.019375,           0.0049273,             0.97984,             0.97732,             0.98559,             0.83823,            0.010104,            0.012536,           0.0022042,            0.003457,            0.003457,            0.003457
                 197,            0.015039,            0.019956,           0.0046866,             0.97906,             0.98258,             0.98616,             0.83775,            0.010069,             0.01256,           0.0021405,           0.0034152,           0.0034152,           0.0034152
                 198,            0.013322,            0.019155,           0.0038161,             0.97929,             0.98171,              0.9858,             0.83859,            0.010013,            0.012461,           0.0021614,           0.0033735,           0.0033735,           0.0033735
                 199,            0.013893,            0.018889,           0.0038686,             0.97582,              0.9818,             0.98504,             0.83712,            0.010167,            0.012462,           0.0021379,           0.0033321,           0.0033321,           0.0033321
                 200,            0.014555,            0.018499,           0.0038229,              0.9811,             0.97698,             0.98529,              0.8368,            0.010149,             0.01246,           0.0021483,           0.0032909,           0.0032909,           0.0032909
                 201,            0.015241,            0.019432,           0.0058455,             0.97792,             0.97912,             0.98535,             0.83465,            0.010123,            0.012536,           0.0021725,             0.00325,             0.00325,             0.00325
                 202,            0.014188,            0.018627,           0.0044041,             0.98005,             0.97604,             0.98522,             0.83608,            0.010122,            0.012617,             0.00219,           0.0032093,           0.0032093,           0.0032093
                 203,            0.013337,            0.019552,           0.0035577,              0.9753,             0.98109,             0.98453,             0.83556,            0.010103,            0.012599,           0.0022269,           0.0031689,           0.0031689,           0.0031689
                 204,            0.014933,            0.018772,           0.0054223,             0.97812,             0.98086,             0.98488,             0.83694,           0.0099861,            0.012469,            0.002244,           0.0031287,           0.0031287,           0.0031287
                 205,            0.015641,            0.018575,           0.0047762,             0.97842,             0.97686,             0.98478,             0.83716,            0.010071,            0.012484,           0.0022792,           0.0030888,           0.0030888,           0.0030888
                 206,             0.01434,            0.018735,           0.0038732,             0.97973,              0.9757,             0.98427,               0.836,            0.010012,            0.012484,           0.0022176,           0.0030491,           0.0030491,           0.0030491
                 207,            0.014591,            0.018735,           0.0048852,             0.97627,             0.97882,             0.98475,             0.83619,           0.0099889,            0.012548,           0.0022032,           0.0030097,           0.0030097,           0.0030097
                 208,             0.01388,            0.018368,            0.003672,             0.97889,             0.97466,             0.98458,             0.83773,           0.0099909,            0.012419,           0.0021757,           0.0029706,           0.0029706,           0.0029706
                 209,            0.013804,            0.018683,           0.0036369,             0.97826,             0.97815,              0.9845,             0.83641,           0.0099793,            0.012469,           0.0021657,           0.0029318,           0.0029318,           0.0029318
                 210,            0.014244,            0.018727,           0.0042434,             0.97736,             0.97782,             0.98431,             0.83666,           0.0099808,            0.012444,           0.0021622,           0.0028932,           0.0028932,           0.0028932
                 211,            0.014158,            0.018261,           0.0049484,             0.97485,             0.97884,             0.98495,             0.83796,           0.0099546,            0.012374,           0.0021355,            0.002855,            0.002855,            0.002855
                 212,            0.013003,            0.019116,           0.0034783,             0.98228,             0.97319,             0.98535,             0.83769,           0.0099717,            0.012409,           0.0020892,            0.002817,            0.002817,            0.002817
                 213,            0.014178,            0.018665,           0.0037286,             0.97858,             0.97848,             0.98541,             0.83694,           0.0099775,            0.012422,           0.0020964,           0.0027793,           0.0027793,           0.0027793
                 214,            0.013957,            0.018018,            0.003201,             0.97798,             0.97782,             0.98527,             0.83797,           0.0099827,            0.012399,           0.0021419,           0.0027419,           0.0027419,           0.0027419
                 215,            0.013341,            0.018425,           0.0039666,             0.97844,             0.97683,             0.98522,             0.83735,           0.0099314,            0.012397,           0.0021286,           0.0027048,           0.0027048,           0.0027048
                 216,            0.014416,            0.018337,            0.005162,             0.97525,             0.97957,             0.98537,             0.83935,           0.0098803,            0.012358,           0.0021555,           0.0026681,           0.0026681,           0.0026681
                 217,            0.014561,            0.018825,           0.0040655,             0.97414,             0.98008,             0.98586,             0.83852,             0.00986,            0.012357,           0.0021166,           0.0026316,           0.0026316,           0.0026316
                 218,            0.014511,            0.018816,           0.0038792,             0.97796,             0.97566,             0.98581,             0.83993,           0.0098579,            0.012322,           0.0021239,           0.0025954,           0.0025954,           0.0025954
                 219,            0.013813,            0.018133,           0.0046391,             0.97893,              0.9744,             0.98567,             0.84035,           0.0099189,            0.012356,           0.0021231,           0.0025596,           0.0025596,           0.0025596
                 220,            0.013939,            0.018269,           0.0046198,             0.97657,             0.97982,             0.98588,             0.83977,           0.0099344,            0.012358,           0.0020695,           0.0025241,           0.0025241,           0.0025241
                 221,            0.014403,            0.018554,           0.0044135,             0.97827,             0.97853,             0.98588,             0.83988,           0.0099048,            0.012341,            0.002099,           0.0024889,           0.0024889,           0.0024889
                 222,            0.013007,            0.017901,           0.0032283,              0.9788,             0.97769,              0.9853,             0.84039,           0.0098619,            0.012347,            0.002095,           0.0024541,           0.0024541,           0.0024541
                 223,            0.013181,             0.01852,           0.0039176,              0.9757,             0.98076,             0.98531,             0.83936,           0.0098786,            0.012405,           0.0020872,           0.0024195,           0.0024195,           0.0024195
                 224,            0.012766,            0.018944,           0.0033101,             0.98331,             0.97447,             0.98602,             0.84013,           0.0098568,            0.012366,           0.0020597,           0.0023854,           0.0023854,           0.0023854
                 225,            0.013581,            0.018393,           0.0039992,               0.979,             0.97869,             0.98662,             0.84087,           0.0098469,            0.012326,           0.0020436,           0.0023515,           0.0023515,           0.0023515
                 226,            0.012495,            0.018714,           0.0033468,             0.97639,             0.98075,             0.98628,             0.84373,           0.0098175,            0.012301,            0.002116,            0.002318,            0.002318,            0.002318
                 227,            0.012597,            0.018372,           0.0028385,             0.97503,             0.98135,             0.98644,             0.84333,           0.0097903,            0.012296,           0.0021528,           0.0022849,           0.0022849,           0.0022849
                 228,             0.01324,            0.018188,           0.0043335,             0.97801,             0.97876,             0.98641,             0.84362,           0.0097677,            0.012311,           0.0021148,           0.0022521,           0.0022521,           0.0022521
                 229,             0.01293,            0.018369,           0.0035323,             0.98007,             0.97612,             0.98606,             0.84362,           0.0097684,            0.012348,           0.0021689,           0.0022196,           0.0022196,           0.0022196
                 230,            0.012668,            0.018627,           0.0026658,             0.97561,             0.97853,             0.98558,             0.84392,           0.0097524,            0.012314,            0.002174,           0.0021876,           0.0021876,           0.0021876
                 231,            0.012947,            0.017836,           0.0044635,             0.97635,             0.97769,             0.98522,             0.84442,           0.0097675,             0.01226,           0.0022163,           0.0021558,           0.0021558,           0.0021558
                 232,             0.01217,            0.017579,           0.0037804,             0.97484,             0.98053,             0.98524,             0.84447,           0.0097536,            0.012277,           0.0021544,           0.0021245,           0.0021245,           0.0021245
                 233,            0.013229,            0.017717,           0.0035305,              0.9772,             0.98148,             0.98562,               0.845,           0.0097423,            0.012274,           0.0020609,           0.0020935,           0.0020935,           0.0020935
                 234,            0.013079,            0.017648,            0.003666,              0.9742,             0.98228,             0.98602,             0.84513,            0.009753,            0.012265,           0.0020576,           0.0020629,           0.0020629,           0.0020629
                 235,            0.013148,            0.018247,           0.0042182,             0.97647,             0.97867,              0.9862,             0.84613,           0.0097235,             0.01224,           0.0020824,           0.0020327,           0.0020327,           0.0020327
                 236,            0.012192,            0.017854,           0.0026635,             0.97279,             0.98239,             0.98578,             0.84681,           0.0097134,            0.012244,           0.0021065,           0.0020028,           0.0020028,           0.0020028
                 237,            0.012568,              0.0177,           0.0029964,             0.97402,             0.98227,             0.98571,             0.84757,            0.009714,            0.012244,            0.002114,           0.0019734,           0.0019734,           0.0019734
                 238,            0.012362,            0.017858,           0.0038604,             0.97438,             0.98156,             0.98608,             0.84724,           0.0096962,            0.012248,           0.0020734,           0.0019443,           0.0019443,           0.0019443
                 239,            0.011869,            0.018346,           0.0026484,             0.97519,             0.98136,             0.98629,             0.84815,           0.0097369,            0.012245,           0.0021177,           0.0019156,           0.0019156,           0.0019156
                 240,            0.013106,            0.017756,           0.0042791,             0.97566,             0.98018,             0.98638,             0.84794,           0.0097777,            0.012235,           0.0021361,           0.0018873,           0.0018873,           0.0018873
                 241,            0.012962,            0.018421,           0.0026709,             0.97801,             0.97717,             0.98657,             0.84619,           0.0098134,            0.012249,           0.0021062,           0.0018594,           0.0018594,           0.0018594
                 242,            0.013497,            0.017895,           0.0033343,             0.97449,             0.98074,             0.98641,             0.84676,           0.0097955,            0.012229,             0.00208,           0.0018319,           0.0018319,           0.0018319
                 243,            0.011326,            0.018383,           0.0023383,             0.97645,             0.97929,             0.98631,             0.84769,           0.0097405,            0.012197,           0.0020942,           0.0018048,           0.0018048,           0.0018048
                 244,             0.01313,             0.01804,           0.0039725,             0.98075,             0.97329,              0.9859,             0.84772,           0.0097409,            0.012183,           0.0020962,           0.0017781,           0.0017781,           0.0017781
                 245,            0.012695,            0.018287,           0.0035571,             0.97868,             0.97577,             0.98576,             0.84731,           0.0097044,            0.012171,           0.0020913,           0.0017519,           0.0017519,           0.0017519
                 246,            0.012904,             0.01801,           0.0031497,             0.97934,             0.97702,             0.98576,              0.8481,           0.0097277,            0.012193,           0.0020755,            0.001726,            0.001726,            0.001726
                 247,            0.012248,            0.017958,           0.0032212,             0.97587,             0.98062,             0.98575,             0.84825,           0.0096693,            0.012168,           0.0020707,           0.0017005,           0.0017005,           0.0017005
                 248,            0.012697,            0.018872,           0.0043998,             0.97673,             0.97991,             0.98578,             0.84763,            0.009671,            0.012158,           0.0020684,           0.0016755,           0.0016755,           0.0016755
                 249,            0.012072,            0.017246,           0.0031267,             0.98239,              0.9718,             0.98595,              0.8475,           0.0096897,            0.012154,           0.0020786,           0.0016509,           0.0016509,           0.0016509
                 250,              0.0123,            0.017638,           0.0038231,             0.97873,             0.97586,             0.98612,             0.84896,           0.0096939,             0.01217,           0.0020685,           0.0016267,           0.0016267,           0.0016267
                 251,             0.01318,            0.017856,           0.0049597,             0.98134,             0.97457,             0.98601,             0.84888,           0.0096543,            0.012152,            0.002033,           0.0016029,           0.0016029,           0.0016029
                 252,            0.013997,            0.017724,           0.0046792,             0.97932,             0.97768,             0.98637,             0.84938,           0.0096514,            0.012148,           0.0020171,           0.0015795,           0.0015795,           0.0015795
                 253,            0.013444,             0.01783,           0.0043267,             0.97882,             0.98072,              0.9862,             0.84912,           0.0096488,            0.012155,           0.0020234,           0.0015566,           0.0015566,           0.0015566
                 254,            0.011652,             0.01834,           0.0024748,             0.97682,             0.98277,              0.9861,             0.84911,           0.0096267,             0.01215,           0.0020419,           0.0015341,           0.0015341,           0.0015341
                 255,            0.012533,            0.017576,           0.0035671,             0.97859,             0.98135,             0.98632,             0.84929,            0.009633,             0.01215,           0.0020459,           0.0015121,           0.0015121,           0.0015121
                 256,            0.011976,            0.018092,            0.002586,             0.97911,             0.97994,             0.98632,             0.84938,           0.0096613,            0.012158,           0.0020317,           0.0014905,           0.0014905,           0.0014905
                 257,            0.011954,            0.017257,            0.003092,             0.97893,             0.98046,             0.98628,             0.84891,           0.0096469,            0.012163,            0.001998,           0.0014693,           0.0014693,           0.0014693
                 258,            0.012557,             0.01796,           0.0031795,             0.97932,             0.97914,              0.9864,             0.85028,           0.0096514,            0.012174,           0.0019817,           0.0014486,           0.0014486,           0.0014486
                 259,             0.01268,            0.018088,           0.0051337,             0.97598,             0.98052,             0.98632,             0.84964,           0.0096408,            0.012164,           0.0019907,           0.0014283,           0.0014283,           0.0014283
                 260,            0.012294,            0.017615,           0.0043192,             0.97699,             0.97934,             0.98649,             0.85068,           0.0096137,             0.01215,           0.0020006,           0.0014084,           0.0014084,           0.0014084
                 261,            0.012465,            0.017668,           0.0025843,             0.97892,              0.9791,             0.98663,             0.84975,           0.0096252,            0.012154,           0.0020084,            0.001389,            0.001389,            0.001389
                 262,            0.012226,            0.018173,           0.0022172,             0.97901,             0.97777,             0.98655,             0.85018,           0.0096245,            0.012155,           0.0020343,           0.0013701,           0.0013701,           0.0013701
                 263,            0.012836,            0.017386,           0.0039947,             0.97918,             0.97742,             0.98663,             0.85015,           0.0096016,            0.012135,            0.002031,           0.0013516,           0.0013516,           0.0013516
                 264,            0.011645,            0.017906,            0.002969,             0.98059,             0.97608,             0.98662,             0.84918,           0.0096134,            0.012129,           0.0019752,           0.0013336,           0.0013336,           0.0013336
                 265,            0.012004,            0.017504,           0.0027067,             0.97599,             0.98186,             0.98655,             0.84908,           0.0096061,            0.012132,           0.0019628,            0.001316,            0.001316,            0.001316
                 266,            0.012513,             0.01738,            0.004271,             0.97801,              0.9805,              0.9866,             0.84928,           0.0096061,            0.012135,           0.0019341,           0.0012989,           0.0012989,           0.0012989
                 267,            0.011696,            0.017391,           0.0031228,             0.97699,             0.98239,             0.98664,              0.8499,           0.0095997,            0.012138,           0.0018886,           0.0012822,           0.0012822,           0.0012822
                 268,            0.012063,            0.017684,           0.0039265,             0.97727,             0.98177,             0.98667,             0.85014,           0.0095779,             0.01213,           0.0018783,            0.001266,            0.001266,            0.001266
                 269,            0.011637,             0.01753,           0.0026279,             0.97631,             0.98267,             0.98657,             0.84973,           0.0095787,            0.012134,           0.0018805,           0.0012503,           0.0012503,           0.0012503
                 270,            0.012125,            0.017768,           0.0030676,               0.978,             0.98061,             0.98654,              0.8503,           0.0095938,            0.012137,           0.0018805,            0.001235,            0.001235,            0.001235
                 271,            0.011814,            0.017133,           0.0028201,             0.97588,             0.98286,             0.98646,             0.85003,           0.0095927,            0.012137,           0.0018894,           0.0012202,           0.0012202,           0.0012202
                 272,            0.010989,            0.018022,           0.0023584,             0.97822,              0.9812,             0.98635,             0.85019,            0.009585,            0.012141,           0.0019115,           0.0012059,           0.0012059,           0.0012059
                 273,            0.012331,            0.017889,           0.0053697,             0.97751,             0.98126,             0.98624,             0.85024,           0.0095681,            0.012126,           0.0019271,           0.0011921,           0.0011921,           0.0011921
                 274,            0.012498,            0.017611,           0.0034508,             0.97647,             0.98154,             0.98611,             0.84998,           0.0095616,            0.012125,           0.0019441,           0.0011787,           0.0011787,           0.0011787
                 275,            0.011715,            0.017314,           0.0029244,             0.97848,             0.97789,             0.98613,             0.85087,           0.0095551,            0.012125,           0.0019554,           0.0011658,           0.0011658,           0.0011658
                 276,            0.012254,            0.017282,            0.003264,             0.97569,             0.98052,             0.98603,             0.85048,           0.0095527,            0.012108,           0.0019815,           0.0011533,           0.0011533,           0.0011533
                 277,            0.012016,            0.017166,           0.0037303,             0.97598,             0.97981,             0.98597,              0.8513,           0.0095364,            0.012088,           0.0019967,           0.0011414,           0.0011414,           0.0011414
                 278,            0.012166,            0.017462,           0.0022475,             0.97684,             0.97842,             0.98596,             0.85142,           0.0095205,            0.012088,           0.0020112,           0.0011299,           0.0011299,           0.0011299
                 279,            0.011647,            0.017585,           0.0029372,             0.97672,              0.9783,             0.98591,             0.85148,           0.0095307,            0.012103,           0.0020314,           0.0011189,           0.0011189,           0.0011189
                 280,            0.011715,            0.017688,           0.0042165,              0.9813,             0.97363,             0.98603,              0.8517,           0.0095286,            0.012092,           0.0020054,           0.0011084,           0.0011084,           0.0011084
                 281,              0.0115,            0.017511,           0.0039069,             0.98231,             0.97339,             0.98597,             0.85191,           0.0095276,            0.012096,           0.0019988,           0.0010983,           0.0010983,           0.0010983
                 282,            0.012278,            0.018118,           0.0043777,             0.98023,             0.97492,             0.98605,             0.85227,           0.0095271,            0.012103,           0.0019725,           0.0010888,           0.0010888,           0.0010888
                 283,            0.011296,            0.017172,           0.0031871,             0.97978,              0.9752,             0.98599,             0.85175,            0.009531,            0.012114,           0.0019677,           0.0010797,           0.0010797,           0.0010797
                 284,            0.011662,            0.017386,           0.0028786,             0.97909,             0.97488,             0.98604,             0.85293,           0.0095279,             0.01212,           0.0019612,           0.0010711,           0.0010711,           0.0010711
                 285,            0.011638,            0.017198,           0.0033112,             0.97536,             0.97962,             0.98605,             0.85269,           0.0095288,            0.012137,           0.0019417,            0.001063,            0.001063,            0.001063
                 286,            0.011806,            0.018292,           0.0028905,             0.97597,             0.97961,             0.98609,             0.85241,           0.0095234,            0.012139,           0.0019189,           0.0010554,           0.0010554,           0.0010554
                 287,            0.011351,            0.018034,           0.0032151,             0.97508,             0.97915,             0.98612,             0.85316,           0.0095093,            0.012129,            0.001922,           0.0010483,           0.0010483,           0.0010483
                 288,            0.012233,            0.016895,           0.0044695,             0.97535,             0.97918,             0.98616,             0.85402,           0.0095083,            0.012111,           0.0019201,           0.0010416,           0.0010416,           0.0010416
                 289,            0.011887,            0.017679,           0.0032993,             0.98181,               0.974,             0.98606,             0.85358,           0.0095103,            0.012107,           0.0019145,           0.0010355,           0.0010355,           0.0010355
                 290,            0.012303,            0.017357,           0.0041831,             0.97585,             0.98004,             0.98595,             0.85328,            0.009499,            0.012099,           0.0019221,           0.0010298,           0.0010298,           0.0010298
                 291,            0.011363,            0.017667,           0.0027161,             0.98212,             0.97519,             0.98597,             0.85301,           0.0094993,            0.012099,           0.0019006,           0.0010247,           0.0010247,           0.0010247
                 292,            0.011493,            0.017344,           0.0044367,             0.97996,             0.97683,             0.98597,             0.85401,           0.0094975,            0.012087,           0.0018924,             0.00102,             0.00102,             0.00102
                 293,            0.011361,            0.017937,           0.0027467,             0.97978,             0.97656,              0.9858,             0.85321,           0.0094924,             0.01208,           0.0019011,           0.0010158,           0.0010158,           0.0010158
                 294,             0.01169,            0.017753,           0.0026723,             0.97715,             0.97911,             0.98575,             0.85332,           0.0094957,            0.012078,           0.0019042,           0.0010121,           0.0010121,           0.0010121
                 295,            0.011219,            0.017494,           0.0026922,              0.9805,             0.97599,             0.98568,             0.85323,           0.0094946,            0.012075,           0.0019266,           0.0010089,           0.0010089,           0.0010089
                 296,            0.012518,            0.017671,           0.0037103,             0.98143,             0.97508,             0.98559,             0.85377,           0.0094866,            0.012082,           0.0019415,           0.0010062,           0.0010062,           0.0010062
                 297,            0.011806,            0.017937,           0.0027578,             0.97761,             0.97982,             0.98565,              0.8535,           0.0094781,            0.012081,           0.0019433,           0.0010039,           0.0010039,           0.0010039
                 298,              0.0115,            0.017833,           0.0034615,             0.97747,              0.9799,              0.9856,               0.855,           0.0094725,            0.012083,           0.0019487,           0.0010022,           0.0010022,           0.0010022
                 299,            0.012399,            0.017596,           0.0037213,              0.9789,             0.97878,             0.98557,             0.85476,           0.0094753,            0.012082,           0.0019545,            0.001001,            0.001001,            0.001001
